Workbook

Sheet Capability Register
A1: ID | B1: L1 Domain | C1: L2 Capability | D1: L3 Capability | E1: Business Object | F1: Concept Object | G1: Value Stream Stages
A2: PSG-1.1 | B2: Practice Strategy & Governance | C2: Practice Strategy & Positioning | D2: Market Positioning Definition | E2: Practice Strategy | F2: Service Offering | G2: — not in a value stream —
A3: PSG-1.2 | B3: Practice Strategy & Governance | C3: Practice Strategy & Positioning | D3: Service Portfolio Planning | E3: Service Offering | F3: Service Offering | G3: — not in a value stream —
A4: PSG-1.3 | B4: Practice Strategy & Governance | C4: Practice Strategy & Positioning | D4: Pricing & Packaging | E4: Service Offering | F4: Service Offering | G4: VS1·Propose & Contract
A5: PSG-2.1 | B5: Practice Strategy & Governance | C5: Methodology Stewardship | D5: Methodology Definition | E5: Methodology | F5: Methodology | G5: VS1·Mobilise; VS2·Sustain & Improve
A6: PSG-2.2 | B6: Practice Strategy & Governance | C6: Methodology Stewardship | D6: Framework Mapping & Alignment | E6: Methodology | F6: Methodology | G6: VS1·Mobilise
A7: PSG-3.1 | B7: Practice Strategy & Governance | C7: Quality Assurance | D7: Deliverable Review | E7: Deliverable | F7: Deliverable | G7: VS1·Deliver & Assure; VS2·Assess & Certify
A8: PSG-3.2 | B8: Practice Strategy & Governance | C8: Quality Assurance | D8: Practice Standards Management | E8: Standard | F8: Methodology | G8: VS1·Deliver & Assure
A9: PSG-4.1 | B9: Practice Strategy & Governance | C9: AI Governance & Ethics | D9: AI Usage Policy Management | E9: AI Policy | F9: Methodology | G9: VS1·Mobilise
A10: PSG-4.2 | B10: Practice Strategy & Governance | C10: AI Governance & Ethics | D10: AI Output Assurance | E10: AI Policy | F10: Methodology | G10: VS1·Analyse & Specify
A11: CEA-1.1 | B11: Client Engagement & Advisory | C11: Opportunity Qualification | D11: Enquiry Triage | E11: Opportunity | F11: Opportunity | G11: VS1·Attract & Qualify
A12: CEA-1.2 | B12: Client Engagement & Advisory | C12: Opportunity Qualification | D12: Needs Assessment | E12: Opportunity | F12: Opportunity | G12: VS1·Attract & Qualify
... A82: OPS-4.2 | B82: Business Operations | C82: Compliance & Records | D82: Regulatory Compliance | E82: Compliance Obligation | F82: Compliance Record | G82: VS1·Realise & Reinvest

Sheet Domains
A1: ID | B1: L1 Domain | C1: L2 Count | D1: L3 Count | E1: % of Map
A2: PSG | B2: Practice Strategy & Governance | C2: 4 | D2: =COUNTIF('Capability Register'!$B$2:$B$82,$B2) -> 9 | E2: =IFERROR(D2/SUM($D$2:$D$8),0) -> 0.11111111
A3: CEA | B3: Client Engagement & Advisory | C3: 5 | D3: =COUNTIF('Capability Register'!$B$2:$B$82,$B3) -> 18 | E3: =IFERROR(D3/SUM($D$2:$D$8),0) -> 0.22222222
A4: KID | B4: Knowledge & IP Development | C4: 4 | D4: =COUNTIF('Capability Register'!$B$2:$B$82,$B4) -> 10 | E4: =IFERROR(D4/SUM($D$2:$D$8),0) -> 0.12345679
A5: LTR | B5: Learning & Training | C5: 5 | D5: =COUNTIF('Capability Register'!$B$2:$B$82,$B5) -> 14 | E5: =IFERROR(D5/SUM($D$2:$D$8),0) -> 0.17283951
A6: MKT | B6: Market Development | C6: 4 | D6: =COUNTIF('Capability Register'!$B$2:$B$82,$B6) -> 11 | E6: =IFERROR(D6/SUM($D$2:$D$8),0) -> 0.13580247
A7: PLT | B7: Platform & Technology | C7: 4 | D7: =COUNTIF('Capability Register'!$B$2:$B$82,$B7) -> 10 | E7: =IFERROR(D7/SUM($D$2:$D$8),0) -> 0.12345679
A8: OPS | B8: Business Operations | C8: 4 | D8: =COUNTIF('Capability Register'!$B$2:$B$82,$B8) -> 9 | E8: =IFERROR(D8/SUM($D$2:$D$8),0) -> 0.11111111
B9: Total | C9: =SUM(C2:C8) -> 30 | D9: =SUM(D2:D8) -> 81 | E9: =SUM(E2:E8) -> 1

Sheet L2 Capabilities
A1: ID | B1: L1 Domain | C1: L2 Capability | D1: L3 Count
A2: PSG-1 | B2: Practice Strategy & Governance | C2: Practice Strategy & Positioning | D2: =COUNTIF('Capability Register'!$C$2:$C$82,$C2) -> 3
A3: PSG-2 | B3: Practice Strategy & Governance | C3: Methodology Stewardship | D3: =COUNTIF('Capability Register'!$C$2:$C$82,$C3) -> 2
A4: PSG-3 | B4: Practice Strategy & Governance | C4: Quality Assurance | D4: =COUNTIF('Capability Register'!$C$2:$C$82,$C4) -> 2
A5: PSG-4 | B5: Practice Strategy & Governance | C5: AI Governance & Ethics | D5: =COUNTIF('Capability Register'!$C$2:$C$82,$C5) -> 2
A6: CEA-1 | B6: Client Engagement & Advisory | C6: Opportunity Qualification | D6: =COUNTIF('Capability Register'!$C$2:$C$82,$C6) -> 3
A7: CEA-2 | B7: Client Engagement & Advisory | C7: Engagement Contracting | D7: =COUNTIF('Capability Register'!$C$2:$C$82,$C7) -> 2
A8: CEA-3 | B8: Client Engagement & Advisory | C8: Business Analysis Delivery | D8: =COUNTIF('Capability Register'!$C$2:$C$82,$C8) -> 6
A9: CEA-4 | B9: Client Engagement & Advisory | C9: Engagement Governance | D9: =COUNTIF('Capability Register'!$C$2:$C$82,$C9) -> 4
A10: CEA-5 | B10: Client Engagement & Advisory | C10: Closure & Benefits Realisation | D10: =COUNTIF('Capability Register'!$C$2:$C$82,$C10) -> 3
A11: KID-1 | B11: Knowledge & IP Development | C11: Research & Insight | D11: =COUNTIF('Capability Register'!$C$2:$C$82,$C11) -> 2
A12: KID-2 | B12: Knowledge & IP Development | C12: Authoring & Publication | D12: =COUNTIF('Capability Register'!$C$2:$C$82,$C12) -> 3
A13: KID-3 | B13: Knowledge & IP Development | C13: Playbook & Asset Development | D13: =COUNTIF('Capability Register'!$C$2:$C$82,$C13) -> 3
... A31: OPS-4 | B31: Business Operations | C31: Compliance & Records | D31: =COUNTIF('Capability Register'!$C$2:$C$82,$C31) -> 2

Sheet Read Me
A1: BAS Capability Map — Capability Register
A3: About this workbook
A4: Purpose | B4: A three-level capability map of Business Analyst Services: what the practice is able to do, independent of who does it or how it is organised.
A5: Structure | B5: L1 Domain > L2 Capability > L3 Capability. Level 3 is the unit of analysis; levels 1 and 2 are grouping only.
A6: Business Object | B6: The thing each L3 capability acts on, captured during capability elicitation. These are consolidated into the Concept Object column.
A7: Concept Object | B7: The consolidated object from the companion Concept Model workbook. 57 business objects map to 22 concept objects.
A8: Value Stream Stages | B8: Which stage(s) of which value stream call on this capability. Capabilities showing '— not in a value stream —' are enabling or strategic rather than value-producing.
A10: Tabs
A11: Capability Register | B11: Every L3 capability, one per row. The authoritative list.
A12: Domains | B12: L1 rollup. L3 Count and % of Map are formulas over the register — they update if rows are added or removed.
A13: L2 Capabilities | B13: L2 rollup, also formula-driven.
A15: Provenance
A16: Generated | B16: PlausibleBA Skills Library v1.5.0
A17: Generated at | B17: 2026-09-15T05:51:56Z
A18: Scaffold ID | B18: ff32d393-0683-4be7-9108-134ef7198995
A19: Source | B19: Elicited in session from a description of Business Analyst Services and confirmed at checkpoints 1A and 1B. Not derived from an external reference model.
