Workbook

Sheet Object Register
A1: ID | B1: Object | C1: Type | D1: Definition | E1: Absorbs (source objects) | F1: Out | G1: In
A2: P1 | B2: Client | C2: Party | D2: An organisation BAS delivers consulting or advisory work to. | E2: Client | F2: =COUNTIF(Relationships!$A$2:$A$36,$A2) -> 2 | G2: =COUNTIF(Relationships!$D$2:$D$36,$A2) -> 0
A3: P2 | B3: Client Stakeholder | C3: Party | D3: A named individual within a client who holds a need, a decision or an approval. | E3: Stakeholder | F3: =COUNTIF(Relationships!$A$2:$A$36,$A3) -> 1 | G3: =COUNTIF(Relationships!$D$2:$D$36,$A3) -> 1
A4: P3 | B4: Learner | C4: Party | D4: An individual enrolled in a BAS course, workshop or study community. | E4: Learner, Community Member | F4: =COUNTIF(Relationships!$A$2:$A$36,$A4) -> 1 | G4: =COUNTIF(Relationships!$D$2:$D$36,$A4) -> 0
A5: P4 | B5: Practitioner | C5: Party | D5: A BAS consultant, facilitator, author or associate who performs the work. | E5: Associate, Resource Plan | F5: =COUNTIF(Relationships!$A$2:$A$36,$A5) -> 2 | G5: =COUNTIF(Relationships!$D$2:$D$36,$A5) -> 0
A6: P5 | B6: Partner | C6: Party | D6: An organisation BAS co-delivers, co-markets or co-publishes with. | E6: Partner | F6: =COUNTIF(Relationships!$A$2:$A$36,$A6) -> 2 | G6: =COUNTIF(Relationships!$D$2:$D$36,$A6) -> 0
A7: P6 | B7: Vendor | C7: Party | D7: A supplier of platform, tooling or services BAS consumes. | E7: Vendor | F7: =COUNTIF(Relationships!$A$2:$A$36,$A7) -> 1 | G7: =COUNTIF(Relationships!$D$2:$D$36,$A7) -> 0
A8: R1 | B8: Service Offering | C8: Resource | D8: A named, priced consulting or training product in the BAS portfolio. | E8: Service Offering, Practice Strategy | F8: =COUNTIF(Relationships!$A$2:$A$36,$A8) -> 3 | G8: =COUNTIF(Relationships!$D$2:$D$36,$A8) -> 0
A9: R2 | B9: Methodology | C9: Resource | D9: The BA practice model, standards, framework mappings and AI governance policy set. | E9: Methodology, Standard, AI Policy | F9: =COUNTIF(Relationships!$A$2:$A$36,$A9) -> 2 | G9: =COUNTIF(Relationships!$D$2:$D$36,$A9) -> 0
A10: R3 | B10: IP Asset | C10: Resource | D10: Reusable intellectual property: playbooks, templates, publications and visual assets. | E10: Playbook, Template, Visual Asset, IP Asset, Publication | F10: =COUNTIF(Relationships!$A$2:$A$36,$A10) -> 1 | G10: =COUNTIF(Relationships!$D$2:$D$36,$A10) -> 4
A11: R4 | B11: Course | C11: Resource | D11: A curriculum with its courseware, scheduled cohorts and sessions. | E11: Curriculum, Courseware, Cohort, Session, Assessment | F11: =COUNTIF(Relationships!$A$2:$A$36,$A11) -> 0 | G11: =COUNTIF(Relationships!$D$2:$D$36,$A11) -> 7
A12: R5 | B12: Platform Component | C12: Resource | D12: Software, environments, releases, tests, accounts and subscriptions making up the BAS platform. | E12: Software Component, Backlog Item, Test Case, Environment, Release, User Account, Subscription | F12: =COUNTIF(Relationships!$A$2:$A$36,$A12) -> 4 | G12: =COUNTIF(Relationships!$D$2:$D$36,$A12) -> 1
A13: R6 | B13: Brand Content | C13: Resource | D13: Brand identity, marketing content items and campaign assets. | E13: Brand, Content Item, Campaign | F13: =COUNTIF(Relationships!$A$2:$A$36,$A13) -> 1 | G13: =COUNTIF(Relationships!$D$2:$D$36,$A13) -> 1
... A23: D10 | B23: Compliance Record | C23: Record | D23: Retained records evidencing regulatory, privacy and licensing obligations. | E23: Record, Compliance Obligation, Privacy Record | F23: =COUNTIF(Relationships!$A$2:$A$36,$A23) -> 0 | G23: =COUNTIF(Relationships!$D$2:$D$36,$A23) -> 3

Sheet Relationships
A1: From ID | B1: From | C1: Relationship | D1: To ID | E1: To
A2: P1 | B2: Client | C2: employs | D2: P2 | E2: Client Stakeholder
A3: P1 | B3: Client | C3: is the source of | D3: D1 | E3: Opportunity
A4: R6 | B4: Brand Content | C4: generates | D4: D1 | E4: Opportunity
A5: R1 | B5: Service Offering | C5: scopes | D5: D1 | E5: Opportunity
A6: D1 | B6: Opportunity | C6: converts to | D6: D2 | E6: Contract
A7: D2 | B7: Contract | C7: authorises | D7: D3 | E7: Engagement
A8: P4 | B8: Practitioner | C8: delivers | D8: D3 | E8: Engagement
A9: R2 | B9: Methodology | C9: governs | D9: D3 | E9: Engagement
A10: P2 | B10: Client Stakeholder | C10: is the source of | D10: D4 | E10: Requirement
A11: D3 | B11: Engagement | C11: specifies | D11: D4 | E11: Requirement
A12: D3 | B12: Engagement | C12: produces | D12: D5 | E12: Deliverable
... A36: R5 | B36: Platform Component | C36: is evidenced by | D36: D10 | E36: Compliance Record

Sheet Type Summary
A1: Type | B1: Count | C1: % of Model
A2: Party | B2: =COUNTIF('Object Register'!$C$2:$C$23,$A2) -> 6 | C2: =IFERROR(B2/SUM($B$2:$B$4),0) -> 0.27272727
A3: Resource | B3: =COUNTIF('Object Register'!$C$2:$C$23,$A3) -> 6 | C3: =IFERROR(B3/SUM($B$2:$B$4),0) -> 0.27272727
A4: Record | B4: =COUNTIF('Object Register'!$C$2:$C$23,$A4) -> 10 | C4: =IFERROR(B4/SUM($B$2:$B$4),0) -> 0.45454545
A5: Total | B5: =SUM(B2:B4) -> 22 | C5: =SUM(C2:C4) -> 1

Sheet Read Me
A1: BAS Concept Model — Object Register
A3: About this workbook
A4: Purpose | B4: What Business Analyst Services manages: the things the business holds facts about, and how they relate.
A5: Types | B5: Party = someone who acts. Resource = something used to produce value. Record = evidence that something happened or was agreed.
A6: Absorbs | B6: The business objects surfaced during capability mapping that this object consolidates. All 57 source objects are accounted for; none were dropped.
A7: Out / In | B7: Formula counts of outbound and inbound relationships, computed from the Relationships tab.
A9: Tabs
A10: Object Register | B10: The 22 objects with definitions.
A11: Relationships | B11: 35 directed relationships. Read as: From + Relationship + To.
A12: Type Summary | B12: Formula rollup by type.
A14: Provenance
A15: Generated | B15: PlausibleBA Skills Library v1.5.0
A16: Generated at | B16: 2026-09-15T05:51:56Z
A17: Scaffold ID | B17: ff32d393-0683-4be7-9108-134ef7198995
A18: Source | B18: Seeded from the Phase 1 capability map's business objects, consolidated and classified in session, confirmed at checkpoint 2.
